step_id,sort_order,kind,title_en,title_zh,body_en,body_zh,condition_key
care_types,10,education,Understand the care entry points,理解不同就医入口,"Review official descriptions of primary care, walk-in care, and emergency departments. These labels describe services; this guide does not choose a care level from symptoms.",查看官方对 primary care、walk-in care 和 emergency department 的说明。本指南解释服务类型，不根据症状判断应去哪类机构。,always
nurse_help,20,action,Ask a healthcare professional when unsure,不确定时咨询医疗人员,McKinley lists a 24/7 nurse phone service at 217-333-2700. Ask whether you are eligible to use it.,McKinley 公布了 24/7 护士电话服务：217-333-2700。请确认自己是否有资格使用。,always
follow_instructions,25,action,Start with your existing follow-up instructions,先查看已有复诊要求,Use the follow-up instructions from your treating clinician. Contact that team to clarify the next visit and which specialist to contact. This guide does not set a treatment timetable.,先查看治疗医生提供的 follow-up instructions；向原治疗团队确认下一次就诊和应联系的专科。本指南不设定治疗或复诊时间。,always
fee_difference,30,education,Separate the campus health fee from insurance,区分校内健康服务费与保险,"McKinley services use the Health Service Fee, with exclusions. The fee does not pay for outside care, including referrals; ask about campus eligibility and any separate charges.",McKinley 服务使用 Health Service Fee，但有除外项目。该费用不支付校外就医，包括转诊；请确认校内服务资格及额外收费。,always
plan_identity,35,question,Identify your exact insurance plan,确认具体保险计划,Use your insurance documents or contact your insurer to identify the plan and its provider directory. An insurer name alone is not enough to confirm a provider network.,查看保险文件或联系保险公司，确认具体 plan 及 provider directory。仅知道保险公司名称，不足以确认医生属于哪个网络。,always
missing_card,36,question,Ask how to obtain insurance documentation,询问如何取得保险凭证,Contact your insurer about your insurance documentation before the appointment. Ask the office which documentation it accepts.,预约前向保险公司询问保险凭证，并向诊所确认接受哪些证明。,no_insurance_card
network_check,40,question,"Check the provider, location, and plan together",同时核实医生、地点和保险计划,Check your plan directory and confirm with the insurer and office. Ask about the named clinician and visit location. Network participation is separate from coverage of a particular service.,查看计划目录，并向保险公司和诊所确认具体医生与就诊地点。属于网络内，不等于某项服务一定获得 coverage。,always
referral_check,45,question,Ask whether a referral is needed,确认是否需要转诊单,Ask the insurer and specialist office whether this visit requires a referral. A referral is an order to see a specialist or receive certain services; requirements vary.,向保险公司与专科诊所确认这次就诊是否需要 referral。Referral 是转诊至专科或某些服务的医嘱；要求会因情况而异。,always
mck_referral_help,46,action,Use McKinley referral support when applicable,符合条件时使用 McKinley 转诊支持,"If your McKinley provider recommends an outside referral, its Referral Specialist can help with the process, network questions, and forms.",如果 McKinley 医生建议校外转诊，其 Referral Specialist 可以协助转诊流程、网络问题及表格。,mckinley_referral
prior_approval,50,question,Ask about prior authorization for planned services,询问计划中的服务是否需要预授权,"For planned services, ask whether prior authorization is required and who submits it. Preauthorization is not a promise that the plan will cover the cost.",对于计划中的服务，询问是否需要 prior authorization，以及由谁申请。获得预授权不代表保险一定支付费用。,always
cost_questions,55,question,Ask what costs remain your responsibility,确认需要自付的费用,Ask your insurer how the deductible and other cost sharing apply to the planned visit. This project does not estimate a final bill.,向保险公司询问 deductible 和其他费用分担如何适用于这次就诊。本项目不估算最终账单。,always
book_mck,60,action,Use the official McKinley appointment entry,使用 McKinley 官方预约入口,Most appointments can be scheduled through MyMcKinley or by calling 217-333-2700. Confirm the visit type with the office.,多数预约可以通过 MyMcKinley 或拨打 217-333-2700 完成。向办公室确认就诊类型。,always
book_community,60,question,Confirm the booking route and availability,确认预约方式和是否接诊,Use the official care entry or office contact. Say whether you are a new patient and explain the visit purpose. Ask whether that visit type can be booked online.,使用官方就医入口或联系办公室。说明是否为新患者以及就诊目的；确认该类就诊是否能在线预约。,always
walkin_info,61,education,Check the advertised walk-in services,查看公布的 walk-in 服务,Carle describes Convenient Care as walk-in care and lists extra diagnostics for Convenient Care Plus. Confirm the exact location and services before relying on a specific test.,Carle 将 Convenient Care 说明为 walk-in 门诊，并列出 Convenient Care Plus 的额外检查服务。需要具体检查时，先确认地点与服务。,always
interpreter,65,question,Request an interpreter ahead of time,提前询问口译支持,Call the office before the visit to request an interpreter. Confirm arrangements; this project does not assume every location has the same language services.,就诊前联系办公室申请 interpreter，并确认安排。本项目不假设每个地点提供相同的语言服务。,needs_interpreter
records_ready,70,question,Ask how to transfer existing records,询问如何提交已有病历,Ask the receiving office which existing records it needs and how to send them. McKinley uses an authorization process for record requests; allow time for processing.,向接收诊所确认需要哪些已有病历及提交方式。McKinley 申请病历需要授权流程，应留出处理时间。,has_prior_records
records_missing,70,question,Ask the original provider about records,向原就诊机构询问病历,"Ask the office that treated you how to obtain your records, and ask the follow-up office which records are needed. Do not upload personal medical records to this repository.",向原治疗机构询问如何取得病历，再向复诊办公室确认需要哪些资料。不要将个人病历上传到本仓库。,no_prior_records
documents,75,action,Prepare identification and visit documents,准备身份与就诊文件,"Bring available insurance documentation, photo identification, and any requested forms. Ask the office about payment requirements.",准备已有保险凭证、带照片的身份证明及诊所要求的表格，并确认付款要求。,always
medications,80,action,Prepare medication and allergy information,准备用药与过敏信息,"Make a list of medicines, supplements, allergies, and questions. Keep the list with you rather than entering personal medical details into this demo.",整理药物、补充剂、过敏情况和问题清单。自行携带，不需要在本演示中输入个人医疗详情。,always
questions,85,action,Write down questions and take notes,写下问题并记录回答,"Prepare the questions you want to discuss. During the visit, take notes and ask for clarification when an explanation is unclear.",提前写下想讨论的问题；就诊时记录回答，听不明白时要求解释。,always
cancel_policy,90,education,Check the cancellation policy,查看取消预约要求,McKinley publishes a two-hour cancellation deadline and a missed-appointment charge. Recheck the current policy when booking; other offices may use different rules.,McKinley 公布了提前两小时取消的要求及未按时取消的费用。预约时重新确认当前规定；其他诊所规则可能不同。,always
next_steps,100,question,Confirm what happens after the visit,确认就诊后的下一步,"Ask for written next steps, the timing of any follow-up, and whom to contact with questions. Follow the treating clinician's instructions.",询问书面的后续步骤、复诊安排，以及有问题时联系谁；遵循治疗医生的要求。,always
