source_id,publisher,title,url,format,locator,review_interval_days,publication_note,anchors,reviewed_on,review_method
mck_fee,University of Illinois McKinley Health Center,Health Service Fee,https://mckinley.illinois.edu/fees/health-service-fee,html,Health Service Fee; exclusions; payment information,30,,outside McKinley|does not accept health insurance,2026-10-07,Primary-source desk review; English/Chinese wording checked in this project
mck_appointments,University of Illinois McKinley Health Center,Schedule/Cancel Appointments,https://mckinley.illinois.edu/get-healthcare/appointments,html,Schedule/Cancel Appointments,30,,217-333-2700|two hours|MyMcKinley,2026-10-07,Primary-source desk review; English/Chinese wording checked in this project
mck_nurse,University of Illinois McKinley Health Center,Dial-a-Nurse,https://mckinley.illinois.edu/get-healthcare/dial-nurse,html,Dial-a-Nurse,30,,24/7|217-333-2700,2026-10-07,Primary-source desk review; English/Chinese wording checked in this project
mck_referral,University of Illinois McKinley Health Center,Referral Services,https://mckinley.illinois.edu/get-healthcare/referral-services,html,Referral Services,30,,Referral Specialist|outside provider,2026-10-07,Primary-source desk review; English/Chinese wording checked in this project
mck_records,University of Illinois McKinley Health Center,Medical Records,https://mckinley.illinois.edu/medical-services/medical-records,html,Requesting information from the McKinley EHR,30,,authorization form|two weeks,2026-10-07,Primary-source desk review; English/Chinese wording checked in this project
mck_emergency,University of Illinois McKinley Health Center,Emergency,https://mckinley.illinois.edu/emergency,html,Emergency room facilities in Urbana-Champaign,30,,911|Carle Foundation Hospital|Heart of Mary,2026-10-07,Primary-source desk review; English/Chinese wording checked in this project
carle_care,Carle Health,Get Care,https://www.carle.org/home/get-care,html,Care types; CARE line; patient information line,30,,326-CARE|Emergency Care|Primary Care,2026-10-07,Primary-source desk review; English/Chinese wording checked in this project
carle_walkin,Carle Health,Convenient Care and Convenient Care Plus,https://carle.org/services/convenient-care-and-convenient-care-plus,html,Convenient Care; Convenient Care Plus; locations,30,,no appointment|X-rays|Carle Urbana South Clinic,2026-10-07,Primary-source desk review; English/Chinese wording checked in this project
carle_orthopedics,Carle Health,Orthopedics,https://carle.org/services/orthopedics,html,Orthopedics; find a doctor; locations,30,,Orthopedics|FIND A DOCTOR,2026-10-07,Primary-source desk review; English/Chinese wording checked in this project
hc_network,HealthCare.gov / CMS,Getting regular medical care,https://www.healthcare.gov/using-marketplace-coverage/getting-medical-care/,html,Finding a doctor in your plan,180,,provider directory|Call your insurer,2026-10-07,Primary-source desk review; English/Chinese wording checked in this project
hc_emergency,HealthCare.gov / CMS,Getting emergency care,https://www.healthcare.gov/using-marketplace-coverage/getting-emergency-care/,html,Emergency care; prior approval; costs,180,,true emergency|prior approval|deductible,2026-10-07,Primary-source desk review; English/Chinese wording checked in this project
hc_deductible,HealthCare.gov / CMS,Deductible,https://www.healthcare.gov/glossary/deductible/,html,Glossary definition,180,,Deductible|covered health care,2026-10-07,Primary-source desk review; English/Chinese wording checked in this project
hc_preapproval,HealthCare.gov / CMS,Preauthorization,https://www.healthcare.gov/glossary/preauthorization/,html,Glossary definition,180,,Preauthorization|promise,2026-10-07,Primary-source desk review; English/Chinese wording checked in this project
hc_referral,HealthCare.gov / CMS,Referral,https://www.healthcare.gov/glossary/referral/,html,Glossary definition,180,,written order|specialist,2026-10-07,Primary-source desk review; English/Chinese wording checked in this project
nlm_visit,National Library of Medicine / NIH,Talking With Your Doctor,https://medlineplus.gov/talkingwithyourdoctor.html,html,Summary,180,2024-10-05,interpreter|written instructions|allergies,2026-10-07,Primary-source desk review; English/Chinese wording checked in this project
cms_prepare,Centers for Medicare & Medicaid Services,"Be Prepared for Your Visit, Step 6",https://www.cms.gov/marketplace/outreach-and-education/downloads/c2c-prepare-for-your-visit.pdf,pdf,PDF pages 4-7 (one-based),365,2018-07,Insurance card|Photo identification|Do I need a referral,2026-10-07,Primary-source desk review; English/Chinese wording checked in this project
