step_id,scenario
care_types,all
nurse_help,all
follow_instructions,fracture_followup
fee_difference,campus_visit
plan_identity,community_visit
plan_identity,fracture_followup
missing_card,all
network_check,community_visit
network_check,fracture_followup
referral_check,fracture_followup
mck_referral_help,fracture_followup
prior_approval,community_visit
prior_approval,fracture_followup
cost_questions,community_visit
cost_questions,fracture_followup
book_mck,campus_visit
book_community,community_visit
book_community,fracture_followup
walkin_info,community_visit
interpreter,all
records_ready,fracture_followup
records_missing,fracture_followup
documents,all
medications,all
questions,all
cancel_policy,campus_visit
next_steps,all
