step_id,source_id
care_types,carle_care
nurse_help,mck_nurse
follow_instructions,cms_prepare
fee_difference,mck_fee
plan_identity,hc_network
missing_card,hc_network
missing_card,cms_prepare
network_check,hc_network
referral_check,hc_referral
mck_referral_help,mck_referral
prior_approval,hc_preapproval
cost_questions,hc_deductible
book_mck,mck_appointments
book_community,carle_care
book_community,cms_prepare
walkin_info,carle_walkin
interpreter,nlm_visit
records_ready,mck_records
records_ready,cms_prepare
records_missing,nlm_visit
documents,cms_prepare
medications,nlm_visit
questions,nlm_visit
cancel_policy,mck_appointments
next_steps,cms_prepare
next_steps,nlm_visit
